comment_id,true_anthroscore,anthro_stratum,age_bucket,author
1,0.4121528369560561,Low,61-80,It_Just_Exploded
2,0.0,Zero,13-18,Such_Anxiety794
3,0.0,Zero,61-80,Chee-shep
4,2.6472621697890975,High,13-18,PeachiiAlmond
5,1.13414051481704,Medium,,Embarrassed_Risk3088
6,0.9529707467348169,Medium,,Owlflakes
7,0.8188846648956927,Low,,Valetion
8,2.674875909488647,High,41-60,CranEXE
9,2.5445188000715557,High,13-18,DHitkill194
10,0.0,Zero,19-25,xXSpookyBlookyxX
11,0.3666882607828264,Low,61-80,Time_Change4156
12,2.1724466205695854,High,,Replikaholic
13,2.394872390648811,High,61-80,Pixiee_dustt1
14,0.25593362873709474,Low,19-25,vacconesgood
15,2.5720136784836347,High,13-18,Fun-Firefighter1516
16,1.9392824234688426,High,13-18,Cat_addict_owo
17,0.01514128704556583,Low,13-18,schnooxalicious
18,2.7329447047947535,High,26-40,endofline1982
19,0.4918708302655773,Low,61-80,apollowikia
20,0.0650246518557923,Low,13-18,MukDup
21,1.2635388688284759,Medium,13-18,Top-Midnight-8653
22,0.0,Zero,13-18,FewSheepherder6643
23,1.7011816478419994,Medium,19-25,13_Th1rt3en_13
24,0.41264986348142657,Low,19-25,Over_Drink5572
25,0.6400183389489893,Low,19-25,Sassy_Brah
26,0.09739167777699154,Low,13-18,Kinjeru_Nakimushi
27,0.746152332673117,Low,26-40,Mila-von-Meow
28,0.7812724662944219,Low,19-25,toxickitty238
29,1.200989309063589,Medium,61-80,Individual_Visit_756
30,1.4663103897213963,Medium,,Best-Acanthaceae6076
31,0.0,Zero,13-18,Mathias6727
32,0.0,Zero,13-18,Lobotomized_waluigi
33,0.37060687528183545,Low,13-18,Few-Canary9944
34,0.22071731222061927,Low,26-40,Invader_Bethany
35,1.9385667955214465,High,13-18,WhoAteMySandwich2024
36,0.8413375056250634,Medium,13-18,Bruiserzinha
37,1.7451412393475356,Medium,13-18,wolf25657
38,1.0420715668616887,Medium,61-80,deaddumbslut
39,1.8365883933557097,High,13-18,Mope-dragon
40,0.4236744664140195,Low,,RadishAcceptable5505
41,0.8115107928558936,Low,41-60,Cyb3rluv93
42,2.004790889013508,High,61-80,rearranged_particles
43,0.0,Zero,13-18,Over-Jack-8241
44,0.0,Zero,26-40,ughFINEIllmakeanalt
45,1.0891414893365974,Medium,,theSquabble8
46,2.669111121904643,High,26-40,Indoraptor-606
47,0.0,Zero,13-18,jakey0xr
48,0.0,Zero,61-80,Responsible_Cat_4552
49,1.272422261261901,Medium,13-18,polteria
50,0.5170168277707633,Low,26-40,Numerous_Put8734
51,1.3006946083842101,Medium,61-80,EmikoAki
52,3.5328385485415406,High,19-25,Unkzittys
53,0.0,Zero,13-18,Neat-Internal-435
54,1.1365364225466679,Medium,13-18,CalixLikesMemesLol
55,1.06399749075253,Medium,41-60,lovingmoka
56,0.566885958113589,Low,61-80,DumboVanBeethoven
57,1.6825491646902386,Medium,61-80,-AbracadaveR-
58,0.37701352643037617,Low,13-18,GayVirtualBoxCat
59,1.8212601564099005,High,13-18,Odd-Willow-2076
60,0.31537703434976294,Low,13-18,Adept-Apple2237
61,4.502158278314637,High,13-18,DeimosTheGuy
62,0.53332970791021,Low,26-40,Classic_Paint6255
63,0.0,Zero,,malloryy45
64,0.0,Zero,61-80,SylviaPlathsDaughter
65,0.0,Zero,61-80,MinecraftCrisis
66,1.3083545353179884,Medium,13-18,SilverbackRon
67,0.0,Zero,,_-vino-_
68,3.5116199050745975,High,41-60,AngelSyndrome
69,0.15791108508356538,Low,61-80,DeutzFahrrr
70,1.651612809669634,Medium,,Crhinehart88
71,0.33705227731064663,Low,61-80,BagelRedditAccountII
72,1.2497753549535646,Medium,13-18,Crazyfreakyben
73,2.316559666709145,High,13-18,2021LamborghiniSTO
74,0.0,Zero,13-18,Available-Sugar6672
75,1.1907398263712767,Medium,13-18,MinuteConstruction32
76,1.7011816478419994,Medium,19-25,CapriciousKaori04
77,0.0,Zero,19-25,laaaalia
78,1.2275684065300816,Medium,,RandyK1977
79,1.570437046897526,Medium,19-25,Sirius_York
80,1.6232168988261044,Medium,19-25,Medical_Trainer_4443
81,0.0,Zero,19-25,Old-Conference-4865
82,0.3891253109881965,Low,19-25,BikeMain
83,0.0,Zero,13-18,CrowBoy777
84,2.7084257135570766,High,,Trick_Alps774
85,2.388255345942166,High,13-18,Crazyfreakyben
86,0.8111023852961389,Low,13-18,Oritad_Heavybrewer
87,5.350667629551904,High,,BonbonTB47
88,0.0,Zero,26-40,mercuryinrenegade
89,1.8212601564099005,High,13-18,Individual-Unit-1082
90,0.49153106304451344,Low,61-80,LoreKeeper2001
91,0.0,Zero,13-18,NebularGizmo
92,1.770502246791136,Medium,13-18,LagMachine01
93,1.265577617752025,Medium,19-25,K-BatLabs
94,0.0,Zero,13-18,Luke_The_Wolf
95,0.0,Zero,13-18,The_ArchRaider
96,1.8283891571098472,High,,Short-Stomach-8502
97,1.8706057005054606,High,13-18,NeverAVillian
98,0.0,Zero,13-18,NikoBellicLmao
99,0.0,Zero,61-80,EverythingMustGo95
100,1.0554402950138126,Medium,26-40,Vanishing_Shadow
101,0.0,Zero,,kmmrkm
102,0.0,Zero,13-18,queenofthekeepers
103,1.7619803363665283,Medium,61-80,tattooedpanhead
104,1.7299234042817773,Medium,26-40,CurlyBarbie
105,1.6660576817092683,Medium,61-80,rachelvigo
106,1.6208644709341344,Medium,41-60,Aggressive-Key-2564
107,0.0,Zero,13-18,Expensive-Cat2005
108,0.719550629027699,Low,13-18,ChaoticCornChip
109,1.097019015542349,Medium,13-18,Apprehensive-Act994
110,0.8488750603562009,Medium,13-18,Krimikskel
111,2.5772150407698153,High,13-18,kartblaster
112,0.0,Zero,,Replikaholic
113,3.6417101293205487,High,41-60,AlisanBeDamned
114,3.0430259261934096,High,19-25,Forsaken_Quiet5944
115,0.03550145830784018,Low,13-18,madamirage
116,1.0685183059473184,Medium,26-40,Realistic_Return4632
117,0.4267242366994599,Low,19-25,I_like_polygons
118,0.0,Zero,19-25,Ok_Attorney_3224
119,2.01672256983808,High,13-18,Joethegamerboy
120,0.0,Zero,61-80,Nice_Assumption_3237
121,0.0,Zero,13-18,NewRefrigerator1254
122,1.5483948545794375,Medium,26-40,Moonjuicessss
123,4.583517139340373,High,13-18,Zappityzephyr
124,3.2234211854066395,High,26-40,Kimkip
125,0.0,Zero,13-18,Similar_Present3140
126,0.0,Zero,26-40,PhenomenalSefris
127,4.647247914903433,High,13-18,Opposite_Region_9722
128,1.498459061424785,Medium,13-18,Oritad_Heavybrewer
129,0.13184155524217508,Low,19-25,i_hearttwinks
130,0.0,Zero,,baananaboi
131,2.422866068334044,High,,Still-Exit-5952
132,0.0,Zero,19-25,lStubbedMyToe
133,0.11005315020573574,Low,13-18,Fresh-Gas-6578
134,4.587474716435154,High,26-40,Winter-Weird6080
135,0.0,Zero,26-40,ThetRadden
136,1.7160625108463141,Medium,61-80,Ron-0-Lion
137,0.0,Zero,61-80,GoddammitDontShootMe
138,0.9700307212168919,Medium,,VBelladonnaV
139,0.43285815451933124,Low,19-25,Feeling-Slide-3294
140,1.631904520670421,Medium,,nugget_king_ghost
141,2.2003022659967257,High,13-18,StorageSevere531
142,2.3064300486945237,High,61-80,toffee_tole
143,3.349155592507863,High,61-80,nikoandthe9ners
144,0.0,Zero,61-80,Content_Lychee_2632
145,0.510006308530513,Low,13-18,PromiseGlad6103
146,0.0,Zero,13-18,voyeurbelli351
147,0.0,Zero,,ribbitgirl66
148,1.16645611022885,Medium,,Puzzleheaded_Ad932
149,0.6908207649878945,Low,19-25,JoJo_770
150,0.48786643806710406,Low,13-18,Serial-dezignation-N
151,2.0394149786005733,High,13-18,GiggleShitter_-
152,2.926578388102749,High,13-18,imaminecraftfantbh
153,0.14271730953204273,Low,13-18,KitSamaWasTaken
154,0.0,Zero,13-18,Fight-Me-In-Unreal
155,0.0,Zero,13-18,Turbulent-Noise119
156,0.05842949012556217,Low,13-18,Opening_Till9793
157,2.419687378971935,High,13-18,D0LLGUTS
158,1.2660318413160365,Medium,19-25,Ordinary_Growth_2507
159,0.0,Zero,13-18,Olympias-II
160,0.7113418728470602,Low,,IDrinkShampooBottles
161,2.3624217337751396,High,13-18,AkorNW
162,0.8658855711349044,Medium,41-60,United-Ad-2728
163,3.229295374057174,High,19-25,Kivi_2k18
164,4.358643265314035,High,13-18,TheArchRaider
165,0.6070682417448171,Low,19-25,Luna_21dc
166,0.2830749457101621,Low,13-18,paIegeist
167,1.7657224662125335,Medium,13-18,CatNerd34
168,0.14545172129904213,Low,26-40,Lanzen
169,4.158773723325402,High,13-18,Sweaty-Ask-1093
170,0.5344060804005427,Low,13-18,Random-dude15
171,0.0,Zero,13-18,LuckiContestAnimator
172,0.7668412032190742,Low,19-25,vivibby1
173,0.0,Zero,,Trencher_Trash
174,0.339860708892763,Low,61-80,BarbotinaMarfim
175,3.1205572989476615,High,13-18,SkyNo3888
176,3.9595407112572407,High,13-18,MaluYAAAAAAY
177,1.5868365123306345,Medium,19-25,Ali_ohne_Abi
178,0.0,Zero,19-25,ParticularVast374
179,2.4329425974443875,High,13-18,schnooxalicious
180,2.2770092064787777,High,13-18,Magivender-2003-05
181,0.0,Zero,61-80,Teddii_
182,0.653381170541487,Low,,Round_Olive1342
183,1.7120889081866804,Medium,26-40,WeirdLostEntity
184,1.268350619201521,Medium,19-25,Away_Ad2295
185,2.753297656096142,High,26-40,No-Heat1092
186,0.8632983476544961,Medium,,uniqueusernamethx
187,0.5418142112751335,Low,19-25,Soda-gutz
188,1.5638127830462303,Medium,13-18,Interesting-Mail4123
189,0.47039131755898805,Low,13-18,agfksmc
190,0.18329217920199212,Low,,S0ulSeek9r
191,1.4210550559268775,Medium,19-25,Electrical-Quit6397
192,1.8212601564099005,High,13-18,Yusuf_Izuddin
193,0.0,Zero,13-18,Ok-Consideration5938
194,2.9108396141293866,High,13-18,Carrot_is_me
195,0.8286505314467184,Low,41-60,JelliBunni
196,1.02696232183124,Medium,13-18,Routine-Mortgage-235
197,0.0,Zero,13-18,Itz_cheese_cat
198,0.15999843402841465,Low,13-18,Your_1_and_only_Harv
199,2.0957637217675433,High,61-80,GuyWitATurtleneck
200,1.1513189670511348,Medium,41-60,GreedyFatBastard
